-- MySQL dump 10.13  Distrib 5.7.37, for Linux (x86_64)
--
-- Host: localhost    Database: GNSShare
-- ------------------------------------------------------
-- Server version	5.7.37-0ubuntu0.18.04.1

/*!40101 SET @OLD_CHARACTER_SET_CLIENT=@@CHARACTER_SET_CLIENT */;
/*!40101 SET @OLD_CHARACTER_SET_RESULTS=@@CHARACTER_SET_RESULTS */;
/*!40101 SET @OLD_COLLATION_CONNECTION=@@COLLATION_CONNECTION */;
/*!40101 SET NAMES utf8 */;
/*!40103 SET @OLD_TIME_ZONE=@@TIME_ZONE */;
/*!40103 SET TIME_ZONE='+00:00' */;
/*!40014 SET @OLD_UNIQUE_CHECKS=@@UNIQUE_CHECKS, UNIQUE_CHECKS=0 */;
/*!40014 SET @OLD_FOREIGN_KEY_CHECKS=@@FOREIGN_KEY_CHECKS, FOREIGN_KEY_CHECKS=0 */;
/*!40101 SET @OLD_SQL_MODE=@@SQL_MODE, SQL_MODE='NO_AUTO_VALUE_ON_ZERO' */;
/*!40111 SET @OLD_SQL_NOTES=@@SQL_NOTES, SQL_NOTES=0 */;

--
-- Table structure for table `MetadatiFile`
--

DROP TABLE IF EXISTS `MetadatiFile`;
/*!40101 SET @saved_cs_client     = @@character_set_client */;
/*!40101 SET character_set_client = utf8 */;
CREATE TABLE `MetadatiFile` (
  `nome` varchar(200) NOT NULL,
  `dataCreazione` timestamp NOT NULL DEFAULT CURRENT_TIMESTAMP,
  `frequenza` float(10,2) DEFAULT NULL,
  `inizioPeriodo` timestamp NOT NULL DEFAULT CURRENT_TIMESTAMP,
  `finePeriodo` timestamp NOT NULL DEFAULT CURRENT_TIMESTAMP,
  `codiceStazione` varchar(10) NOT NULL,
  `downloads` int(11) NOT NULL DEFAULT '0',
  PRIMARY KEY (`nome`)
) ENGINE=InnoDB DEFAULT CHARSET=latin1;
/*!40101 SET character_set_client = @saved_cs_client */;

--
-- Dumping data for table `MetadatiFile`
--

LOCK TABLES `MetadatiFile` WRITE;
/*!40000 ALTER TABLE `MetadatiFile` DISABLE KEYS */;
INSERT INTO `MetadatiFile` VALUES ('EPDN_2022-01-01 000000_2022-12-31 234959_f1.600000.21o','2022-01-01 00:00:00',1.60,'2022-01-01 00:00:00','2022-12-31 23:49:59','EPDN',6),('EPDN_2022-01-01 000000_2022-12-31 235959_f1.000000.21o','2022-01-01 00:00:00',1.00,'2022-01-01 00:00:00','2022-12-31 23:59:59','EPDN',6),('EPDN_2022-01-01 000000_2022-12-31 235959_f1.500000.21d','2022-01-01 00:00:00',1.50,'2022-01-01 00:00:00','2022-12-31 23:59:59','EPDN',3),('ESPA_2022-01-01 000000_2022-12-31 233959_f1.520000.21d','2022-01-01 00:00:00',1.52,'2022-01-01 00:00:00','2022-12-31 23:39:59','ESPA',1),('ESPA_2022-01-01 000000_2022-12-31 235959_f3.000000.21d','2022-01-01 00:00:00',3.00,'2022-01-01 00:00:00','2022-12-31 23:59:59','ESPA',5),('FRAN_2022-01-01 000000_2022-12-31 232959_f3.000000.21o','2022-01-01 00:00:00',3.00,'2022-01-01 00:00:00','2022-12-31 23:29:59','FRAN',3),('OSVE_2022-01-01 000000_2022-12-31 233959_f2.000000.21d','2022-04-28 10:00:00',2.00,'2022-01-01 00:00:00','2022-12-31 23:39:59','OSVE',1),('OSVE_2022-01-01 000000_2022-12-31 233959_f3.200000.21o','2022-04-11 15:48:00',3.20,'2022-01-01 00:00:00','2022-12-31 23:39:59','OSVE',1),('OSVE_2022-01-01 000000_2022-12-31 234959_f1.400000.21d','2022-01-01 00:00:00',1.40,'2022-01-01 00:00:00','2022-12-31 23:49:59','OSVE',1),('SOPH_2022-01-01 000000_2022-12-31 233959_f2.000000.21o','2022-04-20 13:58:21',2.00,'2022-01-01 00:00:00','2022-12-31 23:39:59','SOPH',1),('SOPH_2022-01-01 000000_2022-12-31 234959_f2.500000.21o','2022-01-01 00:00:00',2.50,'2022-01-01 00:00:00','2022-12-31 23:49:59','SOPH',1);
/*!40000 ALTER TABLE `MetadatiFile` ENABLE KEYS */;
UNLOCK TABLES;

--
-- Table structure for table `MovimentiFile`
--

DROP TABLE IF EXISTS `MovimentiFile`;
/*!40101 SET @saved_cs_client     = @@character_set_client */;
/*!40101 SET character_set_client = utf8 */;
CREATE TABLE `MovimentiFile` (
  `username` varchar(20) NOT NULL,
  `dataMovimento` datetime NOT NULL DEFAULT CURRENT_TIMESTAMP,
  `tipoMovimento` varchar(3) NOT NULL,
  `nomeFile` varchar(200) NOT NULL
) ENGINE=InnoDB DEFAULT CHARSET=latin1;
/*!40101 SET character_set_client = @saved_cs_client */;

--
-- Dumping data for table `MovimentiFile`
--

LOCK TABLES `MovimentiFile` WRITE;
/*!40000 ALTER TABLE `MovimentiFile` DISABLE KEYS */;
INSERT INTO `MovimentiFile` VALUES ('admin','2022-04-28 10:41:41','UPL','FRAN_2022-01-01 000000_2022-12-31 232959_f3.000000.21o'),('editor','2022-04-28 10:45:21','DWL','FRAN_2022-01-01 000000_2022-12-31 232959_f3.000000.21o'),('editor','2022-04-27 15:36:23','DWL','EPDN_2022-01-01 000000_2022-12-31 235959_f1.000000.21o'),('editor','2022-04-25 17:06:23','DWL','ESPA_2022-01-01 000000_2022-12-31 235959_f3.000000.21d'),('viewer','2022-04-28 10:46:21','DWL','FRAN_2022-01-01 000000_2022-12-31 232959_f3.000000.21o'),('editor','2022-04-28 10:47:16','UPL','OSVE_2022-01-01 000000_2022-12-31 233959_f2.000000.21d'),('editor','2022-04-28 13:13:11','UPL','SOPH_2022-01-01 000000_2022-12-31 233959_f2.000000.21o'),('editor','2022-04-28 13:18:20','UPL','OSVE_2022-01-01 000000_2022-12-31 233959_f3.200000.21o'),('admin','2022-04-28 13:25:54','UPL','PROVA_2022-01-01 000000_2022-12-31 235959_f3.200000.21o'),('admin','2022-04-28 13:42:28','UPL','NUOVA_2022-01-01 000000_2022-12-31 232959_f6.000000.21d'),('admin','2022-04-28 13:42:44','UPL','NEW_2022-01-01 000000_2022-12-31 235959_f4.000000.21o'),('editor','2022-04-28 13:44:22','UPL','TEST_2022-01-01 000000_2022-12-31 233959_f7.000000.21o'),('editor','2022-04-28 13:44:46','UPL','PROVA_2022-01-01 000000_2022-12-31 234959_f9.000000.21o'),('editor','2022-04-28 13:46:28','UPL','OSVE_2022-01-01 000000_2022-12-31 234959_f1.400000.21d'),('editor','2022-04-28 13:47:22','UPL','SOPH_2022-01-01 000000_2022-12-31 234959_f2.500000.21o'),('editor','2022-04-28 13:52:21','UPL','ESPA_2022-01-01 000000_2022-12-31 233959_f1.520000.21d'),('editor','2022-04-28 13:52:39','UPL','PROVA2_2022-01-01 000000_2022-12-31 234959_f5.000000.21d'),('editor','2022-04-28 13:52:57','UPL','NEW_2022-01-01 000000_2022-12-31 234959_f6.000000.21o'),('admin','2022-04-28 13:55:00','UPL','PROVA2_2022-01-01 000000_2022-12-31 234959_f9.000000.21o'),('admin','2022-04-28 15:16:12','UPL','PROVA2_2022-01-01 000000_2022-12-31 234959_f0.500000.21d'),('admin','2022-04-28 15:42:30','UPL','TEST_2022-01-01 000000_2022-12-31 234959_f4.200000.21o'),('admin','2022-04-28 16:11:08','UPL','NEW_2022-01-01 000000_2022-12-31 235959_f2.300000.21o'),('admin','2022-04-28 16:17:33','UPL','FRAN_2022-01-01 000000_2022-12-31 235959_f1.510000.21d'),('editor','2022-04-28 17:24:18','UPL','PROVA_2022-01-01 000000_2022-12-31 235959_f1.900000.21o'),('admin','2022-04-28 17:33:58','UPL','PROVA2_2022-01-01 000000_2022-12-31 234959_f9.800000.21d'),('admin','2022-04-28 17:40:41','UPL','NEW_2022-01-01 000000_2022-12-31 235959_f4.700000.21d'),('editor','2022-04-28 17:45:43','UPL','NUOVA_2022-01-01 000000_2022-12-31 235959_f9.800000.21o'),('editor','2022-04-28 17:49:50','UPL','PROVA2_2022-01-01 000000_2022-12-31 235959_f4.700000.21d'),('editor','2022-04-28 17:52:13','UPL','EPDN_2022-01-01 000000_2022-12-31 235959_f4.700000.21d'),('admin','2022-04-28 18:04:34','UPL','ESPA_2022-01-01 000000_2022-12-31 235959_f1.150000.21d'),('admin','2022-04-28 18:12:27','UPL','NEW_2022-01-01 000000_2022-12-31 234959_f1.360000.21o'),('admin','2022-04-28 18:14:19','UPL','FRAN_2022-01-01 000000_2022-12-31 234959_f5.620000.21d'),('editor','2022-04-28 18:15:36','UPL','ESPA_2022-01-01 000000_2022-12-31 234959_f1.620000.21d'),('admin','2022-04-28 18:25:08','UPL','ESPA_2022-01-01 000000_2022-12-31 235959_f2.360000.21o'),('admin','2022-04-28 18:43:19','UPL','FRAN_2022-01-01 000000_2022-12-31 233959_f6.980000.21d'),('admin','2022-04-28 18:44:45','UPL','ESPA_2022-01-01 000000_2022-12-31 234959_f1.536000.21d'),('admin','2022-04-28 18:51:55','UPL','ESPA_2022-01-01 000000_2022-12-31 235959_f1.321000.21o'),('admin','2022-04-28 18:54:43','UPL','ESPA_2022-01-01 000000_2022-12-31 235959_f1.369000.21o'),('admin','2022-04-28 18:57:47','UPL','OSVE_2022-01-01 000000_2022-12-31 235959_f1.123000.21d'),('admin','2022-04-28 19:01:46','UPL','NEW_2022-01-01 000000_2022-12-31 235959_f1.536000.21o'),('admin','2022-04-28 19:03:03','UPL','FRAN_2022-01-01 000000_2022-12-31 235959_f1.565000.21d'),('admin','2022-04-28 19:04:41','UPL','ESPA_2022-01-01 000000_2022-12-31 235959_f1.520000.21o'),('admin','2022-04-28 19:07:15','UPL','FRAN_2022-01-01 000000_2022-12-31 234959_f1.545000.21d'),('admin','2022-04-28 19:08:20','UPL','ESPA_2022-01-01 000000_2022-12-31 235959_f1.525000.21o'),('admin','2022-04-28 19:10:32','UPL','ESPA_2022-01-01 000000_2022-12-31 235959_f125.000000.21o'),('admin','2022-04-28 19:13:03','UPL','EPDN_2022-01-01 000000_2022-12-31 235959_f422.000000.21d'),('admin','2022-04-28 19:13:21','UPL','ESPA_2022-01-01 000000_2022-12-31 235959_f1.365200.21o'),('admin','2022-04-28 19:15:06','UPL','ESPA_2022-01-01 000000_2022-12-31 235959_f1236.000000.21o'),('admin','2022-04-28 19:15:24','UPL','NEW_2022-01-01 000000_2022-12-31 235959_f13652.000000.21d'),('admin','2022-04-28 19:20:35','UPL','FRAN_2022-01-01 000000_2022-12-31 235959_f235.000000.21d'),('admin','2022-04-28 19:25:08','UPL','EPDN_2022-01-01 000000_2022-12-31 235959_f123456.000000.21o'),('admin','2022-04-28 19:27:57','UPL','EPDN_2022-01-01 000000_2022-12-31 235959_f1.321400.21o'),('admin','2022-04-28 19:30:19','UPL','EPDN_2022-01-01 000000_2022-12-31 235959_f321654.000000.21d'),('admin','2022-04-28 19:38:12','UPL','EPDN_2022-01-01 000000_2022-12-31 235959_f32145.000000.21d'),('admin','2022-04-28 19:43:57','UPL','EPDN_2022-01-01 000000_2022-12-31 235959_f1.325000.21o'),('admin','2022-04-28 19:52:57','UPL','EPDN_2022-01-01 000000_2022-12-31 235959_f1.321480.21o'),('admin','2022-04-28 19:56:50','UPL','EPDN_2022-01-01 000000_2022-12-31 235959_f1.321000.21o'),('admin','2022-04-28 20:07:12','UPL','EPDN_2022-01-01 000000_2022-12-31 235959_f987.000000.21o'),('admin','2022-04-28 20:12:07','UPL','EPDN_2022-01-01 000000_2022-12-31 235959_f1.321650.21o'),('admin','2022-04-28 20:31:23','UPL','PAL1_2022-01-01 000000_2022-12-31 235959_f1.000000.21d'),('admin','2022-04-28 20:42:16','UPL','SIRA_2022-01-01 000000_2022-12-31 235959_f1.000000.21d'),('admin','2022-04-28 20:42:47','DWL','SIRA_2022-01-01 000000_2022-12-31 235959_f1.000000.21d'),('admin','2022-04-28 21:00:00','DWL','EPDN_2022-01-01 000000_2022-12-31 234959_f1.600000.21o'),('admin','2022-04-28 21:00:03','DWL','EPDN_2022-01-01 000000_2022-12-31 235959_f1.000000.21o'),('admin','2022-04-28 21:00:06','DWL','EPDN_2022-01-01 000000_2022-12-31 235959_f1.500000.21d'),('admin','2022-04-28 21:00:11','DWL','EPDN_2022-01-01 000000_2022-12-31 234959_f1.600000.21o'),('admin','2022-04-28 21:00:13','DWL','EPDN_2022-01-01 000000_2022-12-31 235959_f1.000000.21o'),('admin','2022-04-28 21:00:15','DWL','EPDN_2022-01-01 000000_2022-12-31 235959_f1.500000.21d'),('admin','2022-04-28 21:00:21','DWL','EPDN_2022-01-01 000000_2022-12-31 234959_f1.600000.21o'),('admin','2022-04-28 21:00:31','DWL','ESPA_2022-01-01 000000_2022-12-31 233959_f1.520000.21d'),('admin','2022-04-28 21:00:34','DWL','ESPA_2022-01-01 000000_2022-12-31 235959_f3.000000.21d'),('admin','2022-04-28 21:00:42','DWL','FRAN_2022-01-01 000000_2022-12-31 232959_f3.000000.21o'),('admin','2022-04-28 21:00:50','DWL','OSVE_2022-01-01 000000_2022-12-31 233959_f2.000000.21d'),('admin','2022-04-28 21:00:53','DWL','OSVE_2022-01-01 000000_2022-12-31 233959_f3.200000.21o'),('admin','2022-04-28 21:00:55','DWL','OSVE_2022-01-01 000000_2022-12-31 234959_f1.400000.21d'),('admin','2022-04-28 21:01:05','DWL','SOPH_2022-01-01 000000_2022-12-31 233959_f2.000000.21o'),('admin','2022-04-28 21:01:07','DWL','SOPH_2022-01-01 000000_2022-12-31 234959_f2.500000.21o');
/*!40000 ALTER TABLE `MovimentiFile` ENABLE KEYS */;
UNLOCK TABLES;

--
-- Table structure for table `StazioneGNSS`
--

DROP TABLE IF EXISTS `StazioneGNSS`;
/*!40101 SET @saved_cs_client     = @@character_set_client */;
/*!40101 SET character_set_client = utf8 */;
CREATE TABLE `StazioneGNSS` (
  `codice` varchar(10) NOT NULL,
  `nome` varchar(50) DEFAULT NULL,
  `latitudine` float(10,6) NOT NULL,
  `longitudine` float(10,6) NOT NULL,
  `altitudine` float(10,6) NOT NULL,
  `rete` varchar(50) DEFAULT NULL,
  `tipo` varchar(50) DEFAULT NULL,
  `gps` tinyint(1) DEFAULT NULL,
  `galileo` tinyint(1) DEFAULT NULL,
  `glonass` tinyint(1) DEFAULT NULL,
  PRIMARY KEY (`codice`)
) ENGINE=InnoDB DEFAULT CHARSET=latin1;
/*!40101 SET character_set_client = @saved_cs_client */;

--
-- Dumping data for table `StazioneGNSS`
--

LOCK TABLES `StazioneGNSS` WRITE;
/*!40000 ALTER TABLE `StazioneGNSS` DISABLE KEYS */;
INSERT INTO `StazioneGNSS` VALUES ('EPDN','Etna - Pizzi Deneri',37.765804,15.016787,2867.459961,'INGV-OE','LEICA GRX1200PRO',1,1,0),('ESPA','spagna',42.209808,-0.605543,300.000000,'provas2','prova',1,0,0),('FRAN','francia',48.674278,2.225090,300.000000,'prova','prova',0,1,1),('OSVE','Osservatorio Vesuviano',40.827900,14.397370,677.356018,'INGV-OV','LEICA GRX1200PRO',1,0,0),('SOPH','Geoazur - Sophia',43.611427,7.054105,253.199997,'RENAG','LEICA GRX100',1,0,1);
/*!40000 ALTER TABLE `StazioneGNSS` ENABLE KEYS */;
UNLOCK TABLES;

--
-- Table structure for table `Utente`
--

DROP TABLE IF EXISTS `Utente`;
/*!40101 SET @saved_cs_client     = @@character_set_client */;
/*!40101 SET character_set_client = utf8 */;
CREATE TABLE `Utente` (
  `username` varchar(20) NOT NULL,
  `password` varchar(100) NOT NULL,
  `nome` varchar(50) DEFAULT NULL,
  `cognome` varchar(50) DEFAULT NULL,
  `ente` varchar(100) DEFAULT NULL,
  `ruolo` int(11) NOT NULL,
  PRIMARY KEY (`username`)
) ENGINE=InnoDB DEFAULT CHARSET=latin1;
/*!40101 SET character_set_client = @saved_cs_client */;

--
-- Dumping data for table `Utente`
--

LOCK TABLES `Utente` WRITE;
/*!40000 ALTER TABLE `Utente` DISABLE KEYS */;
INSERT INTO `Utente` VALUES ('admin','admin','amministratore','sistema','INGV-OE',0),('editor','editor','utente','editor','INGV-OE',1),('viewer','viewer','utente','viewer','INGV-OE',2);
/*!40000 ALTER TABLE `Utente` ENABLE KEYS */;
UNLOCK TABLES;
/*!40103 SET TIME_ZONE=@OLD_TIME_ZONE */;

/*!40101 SET SQL_MODE=@OLD_SQL_MODE */;
/*!40014 SET FOREIGN_KEY_CHECKS=@OLD_FOREIGN_KEY_CHECKS */;
/*!40014 SET UNIQUE_CHECKS=@OLD_UNIQUE_CHECKS */;
/*!40101 SET CHARACTER_SET_CLIENT=@OLD_CHARACTER_SET_CLIENT */;
/*!40101 SET CHARACTER_SET_RESULTS=@OLD_CHARACTER_SET_RESULTS */;
/*!40101 SET COLLATION_CONNECTION=@OLD_COLLATION_CONNECTION */;
/*!40111 SET SQL_NOTES=@OLD_SQL_NOTES */;

-- Dump completed on 2022-04-28 21:18:39
